{
  "project_info": {
    "project_number": "781388358777",
    "firebase_url": "https://db-rutaya-14ee3-default-rtdb.firebaseio.com",
    "project_id": "db-rutaya-14ee3",
    "storage_bucket": "db-rutaya-14ee3.firebasestorage.app"
  },
  "client": [
    {
      "client_info": {
        "mobilesdk_app_id": "1:781388358777:android:356f7aa5a61b0e360e20a8",
        "android_client_info": {
          "package_name": "com.example.rutaya_pasajeros"
        }
      },
      "oauth_client": [],
      "api_key": [
        {
          "current_key": "AIzaSyCn_byr90Q3-CMI-wLGF957VoYUJf9uWvQ"
        }
      ],
      "services": {
        "appinvite_service": {
          "other_platform_oauth_client": []
        }
      }
    },
    {
      "client_info": {
        "mobilesdk_app_id": "1:781388358777:android:be7b730333dec1a70e20a8",
        "android_client_info": {
          "package_name": "com.example.rutayach"
        }
      },
      "oauth_client": [],
      "api_key": [
        {
          "current_key": "AIzaSyCn_byr90Q3-CMI-wLGF957VoYUJf9uWvQ"
        }
      ],
      "services": {
        "appinvite_service": {
          "other_platform_oauth_client": []
        }
      }
    }
  ],
  "configuration_version": "1"
}